Origen,Destino
Juguetes,Barbie
Juguetes,Neonato
Juguetes,American Girl
Juguetes,Little Pet Shop
Juguetes,Polly Pocket
Juguetes,My Little ponny
Juguetes,Furby
Juguetes,Monster High
Juguetes,Lalaloopsy
Juguetes,baby alive
Juguetes,PlayDoh
Juguetes,Juguetes mi alegria
Juguetes,Basuritos
Juguetes,Tamagotchi
Juguetes,Playmobil
Juguetes,Lego
Juguetes,Hot Wheels
Barbie,Mattel
Neonato,Distroller
American Girl,Mattel
Little Pet Shop,Hasbro
Polly Pocket,Mattel
My Little ponny,Hasbro
Furby,Hasbro
Monster High,Mattel
Lalaloopsy,MGA Entertainment
baby alive,Hasbro
PlayDoh,Hasbro
Juguetes mi alegria,Mi alegria
Basuritos,Garbage Pail Kid
Mattel,Marca
Distroller,Marca
Mattel,Marca
Hasbro,Marca
Mattel,Marca
Hasbro,Marca
Hasbro,Marca
Mattel,Marca
MGA Entertainment,Marca
Hasbro,Marca
Hasbro,Marca
Mi alegria,Marca
Garbage Pail Kid,Marca
Género,Niña
Género,Niño
Niña,Barbie
Niña,Neonato
Niña,American Girl
Niña,Little Pet Shop
Niña,Polly Pocket
Niña,My Little ponny
Niña,Tamagotchi
Niña,Playmobil
Niña,Lego
Niño,Hot Wheels
Niño,Lego
Niño,Playmobil
Niño,Tamagotchi
Niño,Furby
Niña,Furby
Niña,Monster High
Niña,Lalaloopsy
Niña,baby alive
Niña,PlayDoh
Niño,PlayDoh
Niña,Juguetes mi alegria
Niño,Juguetes mi alegria
Niño,Basuritos
Barbie,3-5 años
Neonato,0-2 años
American Girl,6-8 años
Little Pet Shop,6-8 años
Polly Pocket,6-8 años
Lego,6-8 años
Playmobil,6-8 años
Barbie,Juego de rol
American Girl,Juego de rol
Monster High,Juego de rol
Playmobil,Juego de rol
Lego,Construcción
Tamagotchi,Interactivo
Furby,Interactivo
Little Pet Shop,Interactivo
Hot Wheels,Interactivo
baby alive,Interactivo
Juguetes mi alegria,Interactivo
Neonato,Interactivo
Lalaloopsy,Interactivo
Polly Pocket,Interactivo
PlayDoh,Interactivo
Basuritos,Interactivo
My Little ponny,Interactivo
Lego,Años 50
Barbie,Años 60
Hot Wheels,Años 60
Playmobil,Años 70
Furby,Años 90
Tamagotchi,Años 90
Polly Pocket,Años 90
baby alive,Años 2000
Juguetes mi alegria,Años 2000
Neonato,Años 2000
Monster High,Años 2000
American Girl,Años 2000
Lalaloopsy,Años 2000
PlayDoh,Años 2000
Basuritos,Años 2000
Little Pet Shop,Años 2000
My Little ponny,Años 2000