Nodo,Categoria
País Gastronómico,Tema
Funky Gourmet,Restaurante
Spondi,Restaurante
Varoulko Seaside,Restaurante
Osteria Francescana,Restaurante
La Pergola,Restaurante
Le Calandre,Restaurante
Pujol,Restaurante
Quintonil,Restaurante
Sud777,Restaurante
El Celler de Can Roca,Restaurante
DiverXO,Restaurante
Arzak,Restaurante
Belcanto,Restaurante
Alma,Restaurante
Feitoria,Restaurante
Spanakopita,Platillo
Souvlaki,Platillo
Moussaka,Platillo
Pastitsio,Platillo
Tzatziki,Platillo
Fasolada,Platillo
Calamares a la plancha,Platillo
Pescado a la griega,Platillo
Dakos,Platillo
Tortellini en crema de parmesano,Platillo
Lasagna crocante,Platillo
Tagliatelle al ragù,Platillo
Risotto con trufa,Platillo
Saltimbocca alla Romana,Platillo
Tiramisú,Platillo
Gnocchi de patata,Platillo
Ravioli de calabaza,Platillo
Carpaccio de res,Platillo
Mole madre,Platillo
Tacos de barbacoa,Platillo
Tamales,Platillo
Tostada de erizo,Platillo
Chichilo negro,Platillo
Esquites,Platillo
Pato en pipián,Platillo
Ceviche verde,Platillo
Gorditas de chicharrón,Platillo
Cochinillo confitado,Platillo
Rape con suquet,Platillo
Helado de higos,Platillo
Dim sum ibérico,Platillo
Lubina con espuma de mar,Platillo
Foie con anguila,Platillo
Txangurro a la donostiarra,Platillo
Pichón asado,Platillo
Merluza en salsa verde,Platillo
Bacalhau à Brás,Platillo
Arroz de marisco,Platillo
Pastel de nata,Platillo
Caldo verde,Platillo
Pulpo a lagareiro,Platillo
Pescado en costra de sal,Platillo
Arroz de tamboril,Platillo
Sopa de pescado,Platillo
Grecia,País
Italia,País
México,País
España,País
Portugal,País
Foie gras,Ingrediente
Trufa,Ingrediente
Pato,Ingrediente
Mariscos,Ingrediente
Ternera,Ingrediente
Huevo,Ingrediente
Maíz,Ingrediente
Frijoles,Ingrediente
Pescado,Ingrediente
Espinaca,Ingrediente
Cordero,Ingrediente
Berenjena,Ingrediente
Carne de res,Ingrediente
Yogur,Ingrediente
Calamar,Ingrediente
Lubina,Ingrediente
Tomate,Ingrediente
Parmesano,Ingrediente
Pasta,Ingrediente
Cacao,Ingrediente
Papa,Ingrediente
Calabaza,Ingrediente
Chocolate,Ingrediente
Erizo de mar,Ingrediente
Chile chichilo,Ingrediente
Elote,Ingrediente
Chicharrón,Ingrediente
Cochinillo,Ingrediente
Rape,Ingrediente
Higo,Ingrediente
Cerdo ibérico,Ingrediente
Cangrejo,Ingrediente
Pichón,Ingrediente
Merluza,Ingrediente
Bacalao,Ingrediente
Col,Ingrediente
Pulpo,Ingrediente